factor,s_lat30,slope,close30,close_slope,eps30
E_SiO2 60 GPa,126.8703,0.5136,-0.17,-0.1863,-0.5665
E_SiO2 85 GPa,168.1694,0.6808,0.1723,0.1887,-0.751
"liner 5 nm, 186 GPa",160.2949,0.649,0.107,0.1172,-0.7158
"liner 10 nm, 186 GPa",172.6839,0.6991,0.2097,0.2297,-0.7711
"liner 25 nm, 186 GPa",206.9983,0.838,0.4941,0.5413,-0.9244
"liner 10 nm, 300 GPa",187.199,0.7579,0.33,0.3615,-0.8359
"liner 25 nm, 300 GPa",238.1982,0.9644,0.7526,0.8245,-1.0637
Si alpha(T),140.2066,0.5611,-0.0594,-0.0798,-0.6261
Cu alpha(T),160.6736,0.6617,0.1102,0.1459,-0.7175
Cu+Si alpha(T),153.5002,0.6262,0.0507,0.0661,-0.6855
"COMB no liner, upper: E85 + Cu&Si a(T)",175.1529,0.7145,0.2302,0.2642,-0.7821
COMB mid: E75 + liner10/250 + a(T),193.0257,0.7874,0.3783,0.4277,-0.862
COMB upper: E85 + liner25/300 + a(T),263.9535,1.0768,0.9661,1.0766,-1.1787
rigid lateral bound (alpha_Si),768.7891,3.1125,5.1497,5.6421,-3.433
liner 25/186 + E85 + Cu&Si a(T),233.3485,0.9519,0.7124,0.7966,-1.042
liner 10/186 + E85 + Cu&Si a(T),199.8073,0.8151,0.4345,0.4898,-0.8922
liner 25/186 + E72 + Cu a(T) only,225.6694,0.9294,0.6488,0.7462,-1.0077
