id,pad,Ez_GPa,model,variant,plastic_applied,mesh,shape,cap,sliding,cte,angle,T_sf,n_nodes,n_elems,exit_code,wall_s,cpu_total_s,all_converged,global_frame,ls,tag,branch,T,eps_dev_zz,epel_x,epel_y,epel_z,eppl_eqv_avg,eppl_eqv_max,s_x,s_y,s_z,seqv_max_cu,sidewall_sn_max,sidewall_sn_min,sidewall_tau_max,u_center_nm,u_edge_nm,u_center_rel_padbottom_nm,u_center_rel_si_nm,u_avg_rel_si_nm,u_surface_edge_rel_si_nm,u_surface_center_rel_si_nm,sz_cu_top_layer,sz_cu_mid_layer,sz_cu_bottom_layer,cnvg_flag_raw
R01,10,189.53251020479243,elastic,1,False,L2,square,True,False,const,0.0,277.0,51450,47396,0,92.78,248.05,True,True,0,LS0_cool_Tsf_to_30,init,30.0,0.0011746436833139336,0.0002274701864716,0.0002911567461906,0.002021278991302,0.0,0.0,262.5066261121,257.5520244297,524.3506654352,775.4256206232,916.4615173689,100.767553091,355.4828770602,0.0,0.0,0.0,0.0,0.0,0.0,0.0,245.3922016144,602.6370393372,374.754120903,0
R01,10,189.53251020479243,elastic,1,False,L2,square,True,False,const,0.0,277.0,51450,47396,0,92.78,248.05,True,True,1,h100,heating,100.0,0.0008417487127541,0.0001630049514527,0.000208642688667,0.001448446889191,0.0,0.0,188.1120356534,184.5615721711,375.7492623969,555.6693739835,656.7355804693,72.20994496346,254.7387383203,0.3940690807200001,0.300519358302,0.5899804792936002,0.3799837613896,0.31208237938360006,-0.014085319330400066,0.36013485439960014,175.8478529167,431.8492151642,268.5484995651,0
R01,10,189.53251020479243,elastic,1,False,L2,square,True,False,const,0.0,277.0,51450,47396,0,92.78,248.05,True,True,2,h150,heating,150.0,0.0006039665901029334,0.0001169583549474,0.0001497040759138,0.001039281100585,0.0,0.0,134.9730425301,132.425534771,269.605402939,398.7006231394,471.2170562923,51.81165492535,182.7786430688,0.6755469955199002,0.5151760428039,1.0113951073604004,0.6514007338109,0.5349983646568999,-0.024146261709000128,0.6173740361148999,126.1733179474,309.8579122162,192.6873414803,0
R01,10,189.53251020479243,elastic,1,False,L2,square,True,False,const,0.0,277.0,51450,47396,0,92.78,248.05,True,True,3,h200,heating,200.0,0.0003661844682607167,7.091175846314e-05,9.076546345651e-05,0.0006301153133509,0.0,0.0,81.83404940725,80.28949745889,163.4615435413,241.731872576,285.6985397448,31.41336637735,110.818548897,0.9570249103194002,0.7298327273056001,1.4328097354266005,0.9228177062316,0.7579143499306,-0.034207204087800175,0.8746132178294002,76.49878323555,187.866607666,116.8261838341,0
R01,10,189.53251020479243,elastic,1,False,L2,square,True,False,const,0.0,277.0,51450,47396,0,92.78,248.05,True,True,4,h250,heating,250.0,0.00012840234600834666,2.486516210239e-05,3.182685080757e-05,0.0002209495254675,0.0,0.0,28.69505629313,28.15346015495,57.31768408542,84.76312417441,100.180006031,11.01507657766,38.85845207313,1.2385028251192,0.9444894118072,1.8542243634931503,1.1942346786527,0.9808303352043001,-0.044268146466500145,1.1318523995442,26.82424876213,65.87530404091,40.96502534389,0
R01,10,189.53251020479243,elastic,1,False,L2,square,True,False,const,0.0,277.0,51450,47396,0,92.78,248.05,True,True,5,h300,heating,300.0,-0.00010937977622762,-2.118143435617e-05,-2.711176180357e-05,-0.0001882162624213,0.0,0.0,-24.44393684856,-23.98257718521,-48.82617535146,72.20562405235,-9.383213192225,-85.33852196064,33.10164421088,1.5199807399191,1.1591460963089002,2.2756389915598003,1.4656516510739,1.203746320478,-0.05432908884520013,1.389091581259,-22.85028596401,-56.11599982262,-34.89613268852,0
R01,10,189.53251020479243,elastic,1,False,L2,square,True,False,const,0.0,277.0,51450,47396,0,92.78,248.05,True,True,6,h350,heating,350.0,-0.0003471618984391767,-6.722803080712e-05,-8.605037447975e-05,-0.0005973820503022,0.0,0.0,-77.58292994742,-76.11861449572,-154.9700347366,229.1743735031,-29.78150320053,-270.8570518597,105.0617389225,1.8014586547189002,1.3738027808106001,2.6970536196263004,1.737068623495,1.4266623057518002,-0.06439003122390015,1.6463307629738002,-72.52482086182,-178.1073035431,-110.7572907066,0
R01,10,189.53251020479243,elastic,1,False,L2,square,True,False,const,0.0,277.0,51450,47396,0,92.78,248.05,True,True,7,h400,heating,400.0,-0.0005849440202137666,-0.0001132746274149,-0.0001449889868818,-0.001006547837469,0.0,0.0,-130.7219230905,-128.2546517829,-261.1138942621,386.1431228012,-50.17979419231,-456.375572222,177.02182887,2.0829365695188002,1.5884594653117998,3.1184682476931007,2.0084855959162997,1.6495782910253,-0.07445097360250015,1.9035699446882999,-122.1993553066,-300.0986066437,-186.6184493065,0
R01,10,189.53251020479243,elastic,1,False,L2,square,True,False,const,0.0,277.0,51450,47396,0,92.78,248.05,True,True,8,hold400_2h,hold,400.0,-0.0005849440202137666,-0.0001132746274149,-0.0001449889868818,-0.001006547837469,0.0,0.0,-130.7219230905,-128.2546517829,-261.1138942621,386.1431228012,-50.17979419231,-456.375572222,177.02182887,2.0829365695188002,1.5884594653117998,3.1184682476931007,2.0084855959162997,1.6495782910253,-0.07445097360250015,1.9035699446882999,-122.1993553066,-300.0986066437,-186.6184493065,0
R01,10,189.53251020479243,elastic,1,False,L2,square,True,False,const,0.0,277.0,51450,47396,0,92.78,248.05,True,True,9,c300,cooling,300.0,-0.00010937977622762,-2.118143435617e-05,-2.711176180357e-05,-0.0001882162624213,0.0,0.0,-24.44393684856,-23.98257718521,-48.82617535146,72.20562405235,-9.383213192225,-85.33852196064,33.10164421088,1.5199807399191,1.1591460963089002,2.2756389915598003,1.4656516510739,1.203746320478,-0.05432908884520013,1.389091581259,-22.85028596401,-56.11599982262,-34.89613268852,0
R01,10,189.53251020479243,elastic,1,False,L2,square,True,False,const,0.0,277.0,51450,47396,0,92.78,248.05,True,True,10,c200,cooling,200.0,0.0003661844682607167,7.091175846314e-05,9.076546345651e-05,0.0006301153133509,0.0,0.0,81.83404940725,80.28949745889,163.4615435413,241.731872576,285.6985397448,31.41336637735,110.818548897,0.9570249103194002,0.7298327273056001,1.4328097354266005,0.9228177062316,0.7579143499306,-0.034207204087800175,0.8746132178294002,76.49878323555,187.866607666,116.8261838341,0
R01,10,189.53251020479243,elastic,1,False,L2,square,True,False,const,0.0,277.0,51450,47396,0,92.78,248.05,True,True,11,c100,cooling,100.0,0.0008417487127541,0.0001630049514527,0.000208642688667,0.001448446889191,0.0,0.0,188.1120356534,184.5615721711,375.7492623969,555.6693739835,656.7355804693,72.20994496346,254.7387383203,0.3940690807200001,0.300519358302,0.5899804792936002,0.3799837613896,0.31208237938360006,-0.014085319330400066,0.36013485439960014,175.8478529167,431.8492151642,268.5484995651,0
R01,10,189.53251020479243,elastic,1,False,L2,square,True,False,const,0.0,277.0,51450,47396,0,92.78,248.05,True,True,12,c030,cooling,30.0,0.0011746436833139336,0.0002274701864716,0.0002911567461906,0.002021278991302,0.0,0.0,262.5066261121,257.5520244297,524.3506654352,775.4256206232,916.4615173689,100.767553091,355.4828770602,0.0,0.0,0.0,0.0,0.0,0.0,0.0,245.3922016144,602.6370393372,374.754120903,0
R24,10,189.53251020479243,elastic,1,False,L2,square,False,False,const,0.0,277.0,49000,45084,0,92.8,245.03,True,True,0,LS0_cool_Tsf_to_30,init,30.0,0.0009870822053623333,0.0001568117306298,0.0002142092381872,0.001666133792452,0.0,0.0,207.3095840048,203.104924018,427.263529652,627.3465884199,824.9255523996,-378.2127380371,281.3120884508,0.0,0.0,0.0,0.0,0.0,0.0,0.0,48.43827411595,517.3445948029,353.4117912292,0
R24,10,189.53251020479243,elastic,1,False,L2,square,False,False,const,0.0,277.0,49000,45084,0,92.8,245.03,True,True,1,h100,heating,100.0,0.0007073423091898999,0.000112371159212,0.0001535021664103,0.001193950126596,0.0,0.0,148.5578800475,145.5448241834,306.1766991636,449.5560593573,591.1409759746,-271.0269470215,201.588020239,0.5328715206379001,0.3896321051428998,0.692242527814,0.5079464554522001,0.41351933701419996,-0.024925065185699907,0.5079464554522001,34.71082796535,370.7287175751,253.25460289,0
R24,10,189.53251020479243,elastic,1,False,L2,square,False,False,const,0.0,277.0,49000,45084,0,92.8,245.03,True,True,2,h150,heating,150.0,0.0005075280977501801,8.062789370676e-05,0.0001101399725965,0.0008566760797769,0.0,0.0,106.5923772158,104.4304670382,219.6861063332,322.5628232759,424.1520004434,-194.4656677246,144.6422475401,0.9134940353796,0.6679407516735999,1.1867014762527999,0.8707653522043001,0.7088902920253001,-0.042728683175299875,0.8707653522043001,24.90550950803,266.0030921555,181.7137550545,0
R24,10,189.53251020479243,elastic,1,False,L2,square,False,False,const,0.0,277.0,49000,45084,0,92.8,245.03,True,True,3,h200,heating,200.0,0.00030771388584408335,4.888462853545e-05,6.67777785695e-05,0.0005194020323186,0.0,0.0,64.6268743075,63.31610993314,133.1955132278,195.569584463,257.1630210974,-117.9043807983,87.6964816246,1.2941165501210998,0.9462493982039999,1.6811604246915,1.2335842489562001,1.0042612470359,-0.06053230116489985,1.2335842489562001,15.10019071095,161.2774647903,110.1729066086,0
R24,10,189.53251020479243,elastic,1,False,L2,square,False,False,const,0.0,277.0,49000,45084,0,92.8,245.03,True,True,4,h250,heating,250.0,0.00010789967434294,1.714136327451e-05,2.341558473907e-05,0.0001821279855212,0.0,0.0,22.66137152538,22.2017528325,46.70492023298,68.57634797241,90.17404747352,-41.34309387207,30.75071427446,1.6747390648627,1.2245580447345998,2.17561937313018,1.5964031457082,1.2996322020464999,-0.07833591915449989,1.5964031457082,5.294872042662,56.55183815956,38.63205814362,0
R24,10,189.53251020479243,elastic,1,False,L2,square,False,False,const,0.0,277.0,49000,45084,0,92.8,245.03,True,True,5,h300,heating,300.0,-9.191453734755667e-05,-1.460190203828e-05,-1.994660918885e-05,-0.0001551460616349,0.0,0.0,-19.30413130225,-18.91260429128,-39.78567278411,58.41688904468,35.2181892395,-76.81492805773,26.19505335856,2.0553615796044,1.5028666912653,2.67007832156891,1.9592220424601001,1.595003157057,-0.09613953714429987,1.9592220424601001,-4.510446573487,-48.17378826141,-32.9087902689,0
R24,10,189.53251020479243,elastic,1,False,L2,square,False,False,const,0.0,277.0,49000,45084,0,92.8,245.03,True,True,6,h350,heating,350.0,-0.0002917287490283466,-4.634516726177e-05,-6.330880321339e-05,-0.0004924201087801,0.0,0.0,-61.26963411436,-60.0269613505,-126.276265778,185.4101259769,111.7794723511,-243.8039016816,83.14082299195,2.4359840943460003,1.7811753377958999,3.1645372700076,2.3220409392121,1.8903741120677,-0.1139431551338999,2.3220409392121,-14.31576522297,-152.8994145203,-104.449638567,0
R24,10,189.53251020479243,elastic,1,False,L2,square,False,False,const,0.0,277.0,49000,45084,0,92.8,245.03,True,True,7,h400,heating,400.0,-0.00049154296034386,-7.808843277152e-05,-0.0001066709968889,-0.000829694155346,0.0,0.0,-103.2351369818,-101.1413185247,-212.7668588176,312.4033680592,188.3407592773,-410.7928772129,140.0865916035,2.8166066090871995,2.0594839843262,3.6589962184459996,2.6848598359636995,2.1857450670787,-0.13174677312349986,2.6848598359636995,-24.12108386009,-257.6250411606,-175.9904873657,0
R24,10,189.53251020479243,elastic,1,False,L2,square,False,False,const,0.0,277.0,49000,45084,0,92.8,245.03,True,True,8,hold400_2h,hold,400.0,-0.00049154296034386,-7.808843277152e-05,-0.0001066709968889,-0.000829694155346,0.0,0.0,-103.2351369818,-101.1413185247,-212.7668588176,312.4033680592,188.3407592773,-410.7928772129,140.0865916035,2.8166066090871995,2.0594839843262,3.6589962184459996,2.6848598359636995,2.1857450670787,-0.13174677312349986,2.6848598359636995,-24.12108386009,-257.6250411606,-175.9904873657,0
R24,10,189.53251020479243,elastic,1,False,L2,square,False,False,const,0.0,277.0,49000,45084,0,92.8,245.03,True,True,9,c300,cooling,300.0,-9.191453734755667e-05,-1.460190203828e-05,-1.994660918885e-05,-0.0001551460616349,0.0,0.0,-19.30413130225,-18.91260429128,-39.78567278411,58.41688904468,35.2181892395,-76.81492805773,26.19505335856,2.0553615796044,1.5028666912653,2.67007832156891,1.9592220424601001,1.595003157057,-0.09613953714429987,1.9592220424601001,-4.510446573487,-48.17378826141,-32.9087902689,0
R24,10,189.53251020479243,elastic,1,False,L2,square,False,False,const,0.0,277.0,49000,45084,0,92.8,245.03,True,True,10,c200,cooling,200.0,0.00030771388584408335,4.888462853545e-05,6.67777785695e-05,0.0005194020323186,0.0,0.0,64.6268743075,63.31610993314,133.1955132278,195.569584463,257.1630210974,-117.9043807983,87.6964816246,1.2941165501210998,0.9462493982039999,1.6811604246915,1.2335842489562001,1.0042612470359,-0.06053230116489985,1.2335842489562001,15.10019071095,161.2774647903,110.1729066086,0
R24,10,189.53251020479243,elastic,1,False,L2,square,False,False,const,0.0,277.0,49000,45084,0,92.8,245.03,True,True,11,c100,cooling,100.0,0.0007073423091898999,0.000112371159212,0.0001535021664103,0.001193950126596,0.0,0.0,148.5578800475,145.5448241834,306.1766991636,449.5560593573,591.1409759746,-271.0269470215,201.588020239,0.5328715206379001,0.3896321051428998,0.692242527814,0.5079464554522001,0.41351933701419996,-0.024925065185699907,0.5079464554522001,34.71082796535,370.7287175751,253.25460289,0
R24,10,189.53251020479243,elastic,1,False,L2,square,False,False,const,0.0,277.0,49000,45084,0,92.8,245.03,True,True,12,c030,cooling,30.0,0.0009870822053623333,0.0001568117306298,0.0002142092381872,0.001666133792452,0.0,0.0,207.3095840048,203.104924018,427.263529652,627.3465884199,824.9255523996,-378.2127380371,281.3120884508,0.0,0.0,0.0,0.0,0.0,0.0,0.0,48.43827411595,517.3445948029,353.4117912292,0
R25,10,189.53251020479243,elastic,1,False,L2,square,True,True,const,0.0,277.0,52050,47396,0,77.5,193.52,True,True,0,LS0_cool_Tsf_to_30,init,30.0,0.0009603719555938666,0.0002439200180095,0.0003179165121669,0.001721476198479,0.0,0.0,243.5816381898,238.551680612,456.7648760509,1117.008513405,1191.777191207,97.57939529419,415.1403524167,0.0,0.0,0.0,0.0,0.0,0.0,0.0,456.7648763752,456.7648763275,456.7648761368,0
R25,10,189.53251020479243,elastic,1,False,L2,square,True,True,const,0.0,277.0,52050,47396,0,77.5,193.52,True,True,1,h100,heating,100.0,0.0006882017660793,0.0001747928873839,0.0002278187154182,0.00123360845052,0.0,0.0,174.5504046043,170.9459410489,327.3173402732,800.447391069,854.0265655843,69.92531967163,297.4892373476,0.4803275595855001,0.3536187666094998,0.6644506905727001,0.4660619728639004,0.37992958087690004,-0.014265586721599867,0.4475594320609002,327.3173408222,327.3173410034,327.3173400354,0
R25,10,189.53251020479243,elastic,1,False,L2,square,True,True,const,0.0,277.0,52050,47396,0,77.5,193.52,True,True,2,h150,heating,150.0,0.0004937944871943,0.000125416365578,0.0001634631460873,0.0008851314866241,0.0,0.0,125.2423807378,122.656127202,234.8548147469,574.33231064,612.7761039967,50.17240333557,213.4527353492,0.8234186735756998,0.6062035999016997,1.1390583266964998,0.7989633820529,0.6513078529309,-0.024455291522799873,0.7672447406759002,234.8548150635,234.8548145294,234.8548140192,0
R25,10,189.53251020479243,elastic,1,False,L2,square,True,True,const,0.0,277.0,52050,47396,0,77.5,193.52,True,True,3,h200,heating,200.0,0.0002993872090549134,7.603984377897e-05,9.910757684489e-05,0.0005366545238943,0.0,0.0,75.93435684613,74.36631340264,142.392289273,348.2172247898,371.5256729267,30.41948890686,129.4162259368,1.1665097875657,0.8587884331938997,1.6136659628201,1.1318647912416,0.9226861249859002,-0.0346449963240999,1.0869300492910001,142.3922896671,142.3922890472,142.3922892094,0
R25,10,189.53251020479243,elastic,1,False,L2,square,True,True,const,0.0,277.0,52050,47396,0,77.5,193.52,True,True,4,h250,heating,250.0,0.00010497993044457001,2.666332183289e-05,3.4752007451e-05,0.0001881775603088,0.0,0.0,26.6263329055,26.07649950065,49.92976378418,122.1021446047,130.2752380421,10.66657400131,45.37971442179,1.5096009015557,1.1113732664862996,2.08827359894372,1.4647662004304,1.1940643970407,-0.04483470112529988,1.4066153579061003,49.92976372242,49.92976381302,49.92976365924,0
R25,10,189.53251020479243,elastic,1,False,L2,square,True,True,const,0.0,277.0,52050,47396,0,77.5,193.52,True,True,5,h300,heating,300.0,-8.942734806528667e-05,-2.27132000805e-05,-2.960356188124e-05,-0.0001602994030788,0.0,0.0,-22.68169100249,-22.21331438657,-42.53276175722,104.0129358836,-9.086340904236,-110.975201611,38.65679366116,1.8526920155456,1.3639580997786998,2.56288123506722,1.797667609619,1.4654426690953002,-0.05502440592659988,1.7263006665211003,-42.53276180267,-42.53276171684,-42.53276178896,0
R25,10,189.53251020479243,elastic,1,False,L2,square,True,True,const,0.0,277.0,52050,47396,0,77.5,193.52,True,True,6,h350,heating,350.0,-0.00028383462664296664,-7.208972203831e-05,-9.395913124999e-05,-0.0005087763666086,0.0,0.0,-71.98971491071,-70.50312822452,-134.9952873234,330.1280199539,-28.83925533295,-352.225635542,122.6933043836,2.1957831295355,1.6165429330710999,3.0374888711906998,2.1305690188076998,1.7368209411501,-0.06521411072779988,2.0459859751362,-134.9952873564,-134.9952873421,-134.9952872276,0
R25,10,189.53251020479243,elastic,1,False,L2,square,True,True,const,0.0,277.0,52050,47396,0,77.5,193.52,True,True,7,h400,heating,400.0,-0.0004782419052056667,-0.0001214662436634,-0.0001583147002782,-0.0008572533297793,0.0,0.0,-121.2977388326,-118.7929421285,-227.457812752,556.2430999944,-48.59217071533,-593.4760818707,206.7298127351,2.5388742435257,1.8691277663636998,3.5120965073145,2.4634704279966,2.0081992132046,-0.07540381552909992,2.3656712837516003,-227.45781353,-227.4578124619,-227.457812562,0
R25,10,189.53251020479243,elastic,1,False,L2,square,True,True,const,0.0,277.0,52050,47396,0,77.5,193.52,True,True,8,hold400_2h,hold,400.0,-0.0004782419052056667,-0.0001214662436634,-0.0001583147002782,-0.0008572533297793,0.0,0.0,-121.2977388326,-118.7929421285,-227.457812752,556.2430999944,-48.59217071533,-593.4760818707,206.7298127351,2.5388742435257,1.8691277663636998,3.5120965073145,2.4634704279966,2.0081992132046,-0.07540381552909992,2.3656712837516003,-227.45781353,-227.4578124619,-227.457812562,0
R25,10,189.53251020479243,elastic,1,False,L2,square,True,True,const,0.0,277.0,52050,47396,0,77.5,193.52,True,True,9,c300,cooling,300.0,-8.942734806528667e-05,-2.27132000805e-05,-2.960356188124e-05,-0.0001602994030788,0.0,0.0,-22.68169100249,-22.21331438657,-42.53276175722,104.0129358836,-9.086340904236,-110.975201611,38.65679366116,1.8526920155456,1.3639580997786998,2.56288123506722,1.797667609619,1.4654426690953002,-0.05502440592659988,1.7263006665211003,-42.53276180267,-42.53276171684,-42.53276178896,0
R25,10,189.53251020479243,elastic,1,False,L2,square,True,True,const,0.0,277.0,52050,47396,0,77.5,193.52,True,True,10,c200,cooling,200.0,0.0002993872090549134,7.603984377897e-05,9.910757684489e-05,0.0005366545238943,0.0,0.0,75.93435684613,74.36631340264,142.392289273,348.2172247898,371.5256729267,30.41948890686,129.4162259368,1.1665097875657,0.8587884331938997,1.6136659628201,1.1318647912416,0.9226861249859002,-0.0346449963240999,1.0869300492910001,142.3922896671,142.3922890472,142.3922892094,0
R25,10,189.53251020479243,elastic,1,False,L2,square,True,True,const,0.0,277.0,52050,47396,0,77.5,193.52,True,True,11,c100,cooling,100.0,0.0006882017660793,0.0001747928873839,0.0002278187154182,0.00123360845052,0.0,0.0,174.5504046043,170.9459410489,327.3173402726,800.447391069,854.0265655843,69.92531967163,297.4892373476,0.4803275595855001,0.3536187666094998,0.6644506905727001,0.4660619728639004,0.37992958087690004,-0.014265586721599867,0.4475594320609002,327.3173408031,327.3173410034,327.3173400354,0
R25,10,189.53251020479243,elastic,1,False,L2,square,True,True,const,0.0,277.0,52050,47396,0,77.5,193.52,True,True,12,c030,cooling,30.0,0.0009603719555938666,0.0002439200180095,0.0003179165121669,0.001721476198479,0.0,0.0,243.5816381898,238.551680612,456.7648760509,1117.008513405,1191.777191207,97.57939529419,415.1403524167,0.0,0.0,0.0,0.0,0.0,0.0,0.0,456.7648763752,456.7648763275,456.7648761368,0
R26,10,189.53251020479243,elastic,1,False,L2,square,False,True,const,0.0,277.0,49640,45084,0,87.2,228.59,True,True,0,LS0_cool_Tsf_to_30,init,30.0,-0.0006567714587666666,0.000601770601068,0.0005328880114492,-0.0004178278818914,0.0,0.0,146.3567470454,148.4040493992,1.504660208162e-09,482.3060012891,754.5039596845,55.12448883057,170.3760646916,0.0,0.0,0.0,0.0,0.0,0.0,0.0,2.657587173835e-08,6.237998662319e-08,-1.373700721106e-08,0
R26,10,189.53251020479243,elastic,1,False,L2,square,False,True,const,0.0,277.0,49640,45084,0,87.2,228.59,True,True,1,h100,heating,100.0,-0.00047064189558326667,0.0004312283258071,0.0003818671172961,-0.0002994151218233,0.0,0.0,104.8791264706,106.3462216814,-9.476791884973e-09,345.62008561,540.6769218651,39.50216293335,122.0913527231,1.1527161941131,1.1412134747911005,1.0687222300749997,1.1269252985540998,1.1294463067300997,-0.025790895559000042,1.1269252985540998,-2.476590410248e-09,-4.563596983418e-08,-1.563108600788e-08,0
R26,10,189.53251020479243,elastic,1,False,L2,square,False,True,const,0.0,277.0,49640,45084,0,87.2,228.59,True,True,2,h150,heating,150.0,-0.0003376922075072333,0.0003094124144567,0.0002739950502878,-0.0002148345788886,0.0,0.0,75.25225456806,76.30491608556,1.916097675183e-09,247.9872929292,387.9433307795,28.34336090088,87.60226719791,1.9760849041933,1.9563659567843001,1.8320952515563997,1.9318719403778,1.9361936686798,-0.04421296381550003,1.9318719403778,-3.621389621579e-09,1.232139776623e-08,-1.333188320414e-08,0
R26,10,189.53251020479243,elastic,1,False,L2,square,False,True,const,0.0,277.0,49640,45084,0,87.2,228.59,True,True,3,h200,heating,200.0,-0.0002047425196304667,0.0001875965032826,0.0001661229834772,-0.0001302540360658,0.0,0.0,45.6253826969,46.26361052974,7.277374836486e-11,150.3544998717,235.209733972,17.18455696106,53.11318732953,2.7994536142744,2.7715184387774006,2.5954682730390997,2.7368185822023996,2.7429410306293995,-0.06263503207199997,2.7368185822023996,2.211818387272e-09,2.052460355668e-08,9.390059253168e-09,0
R26,10,189.53251020479243,elastic,1,False,L2,square,False,True,const,0.0,277.0,49640,45084,0,87.2,228.59,True,True,4,h250,heating,250.0,-7.179283147716333e-05,6.578059204066e-05,5.825091616777e-05,-4.567349311153e-05,0.0,0.0,15.99851080863,16.22230499924,4.997126920559e-10,52.72170862541,82.47614193276,6.025753974915,18.62410445209,3.6228223243549,3.5866709207711005,3.3588412945209996,3.5417652240264,3.5496883925796,-0.08105710032849997,3.5417652240264,2.190427037397e-09,-3.492398645998e-12,-4.952889814736e-09,0
R26,10,189.53251020479243,elastic,1,False,L2,square,False,True,const,0.0,277.0,49640,45084,0,87.2,228.59,True,True,5,h300,heating,300.0,6.115685648446666e-05,-5.603531915207e-05,-4.962115086459e-05,3.890704971837e-05,0.0,0.0,-13.62836106764,-13.81900054656,-9.887293818038e-10,44.91108499929,-5.133049488068,-70.25745296746,15.86497745244,4.4461910344355,4.4018234027643,4.1222143160032,4.3467118658506,4.356435754529399,-0.09947916858489998,4.3467118658506,2.461783885196e-09,-3.152235908473e-09,1.330045097568e-09,0
R26,10,189.53251020479243,elastic,1,False,L2,square,False,True,const,0.0,277.0,49640,45084,0,87.2,228.59,True,True,6,h350,heating,350.0,0.00019410654454183332,-0.0001778512304871,-0.0001574932180104,0.000123487592564,0.0,0.0,-43.25523295055,-43.86030610852,3.818394480048e-10,142.5438782578,-16.29185295105,-222.991046914,50.35406005892,5.269559744515901,5.2169758847579,4.8855873374850995,5.1516585076744,5.1631831164793995,-0.11790123684149997,5.1516585076744,-2.447268338079e-09,-1.896987542665e-09,1.2800447003e-08,0
R26,10,189.53251020479243,elastic,1,False,L2,square,False,True,const,0.0,277.0,49640,45084,0,87.2,228.59,True,True,7,h400,heating,400.0,0.0003270562323988,-0.0002996671414765,-0.0002653652849221,0.0002080681353989,0.0,0.0,-72.88210485235,-73.90161161722,-4.01387436474e-09,240.1766696483,-27.45065689087,-375.7246360922,84.84314241505,6.092928454597,6.032128366751,5.648960358967799,5.9566051494991,5.9699304784291005,-0.1363233050979,5.9566051494991,-4.446483214441e-09,1.124455634118e-08,4.831236617732e-09,0
R26,10,189.53251020479243,elastic,1,False,L2,square,False,True,const,0.0,277.0,49640,45084,0,87.2,228.59,True,True,8,hold400_2h,hold,400.0,0.0003270562323988,-0.0002996671414765,-0.0002653652849221,0.0002080681353989,0.0,0.0,-72.88210485235,-73.90161161722,-4.01387436474e-09,240.1766696483,-27.45065689087,-375.7246360922,84.84314241505,6.092928454597,6.032128366751,5.648960358967799,5.9566051494991,5.9699304784291005,-0.1363233050979,5.9566051494991,-4.446483214441e-09,1.124455634118e-08,4.831236617732e-09,0
R26,10,189.53251020479243,elastic,1,False,L2,square,False,True,const,0.0,277.0,49640,45084,0,87.2,228.59,True,True,9,c300,cooling,300.0,6.115685648470667e-05,-5.603531915279e-05,-4.962115086459e-05,3.890704971837e-05,0.0,0.0,-13.62836106764,-13.81900054656,-9.887288149008e-10,44.91108499929,-5.133049488068,-70.25745296746,15.86497745244,4.4461910344355,4.4018234027643,4.1222143160032,4.3467118658506,4.356435754529399,-0.09947916858489998,4.3467118658506,2.461802072361e-09,-3.152235908473e-09,1.330045097568e-09,0
R26,10,189.53251020479243,elastic,1,False,L2,square,False,True,const,0.0,277.0,49640,45084,0,87.2,228.59,True,True,10,c200,cooling,200.0,-0.0002047425196304667,0.0001875965032826,0.0001661229834772,-0.0001302540360658,0.0,0.0,45.6253826969,46.26361052974,7.425377360918e-11,150.3544998717,235.209733972,17.18455696106,53.11318732953,2.7994536142744,2.7715184387774006,2.5954682730390997,2.7368185822023996,2.7429410306293995,-0.06263503207199997,2.7368185822023996,2.211745627483e-09,2.052460355668e-08,9.390059253168e-09,0
R26,10,189.53251020479243,elastic,1,False,L2,square,False,True,const,0.0,277.0,49640,45084,0,87.2,228.59,True,True,11,c100,cooling,100.0,-0.00047064189558326667,0.0004312283258071,0.0003818671172961,-0.0002994151218233,0.0,0.0,104.8791264706,106.3462216814,-9.470857815504e-09,345.62008561,540.6769218651,39.50216293335,122.0913527231,1.1527161941131,1.1412134747911005,1.0687222300749997,1.1269252985540998,1.1294463067300997,-0.025790895559000042,1.1269252985540998,-2.476444912933e-09,-4.556146381005e-08,-1.563108600788e-08,0
R26,10,189.53251020479243,elastic,1,False,L2,square,False,True,const,0.0,277.0,49640,45084,0,87.2,228.59,True,True,12,c030,cooling,30.0,-0.0006567714587666666,0.000601770601068,0.0005328880114492,-0.0004178278818914,0.0,0.0,146.3567470454,148.4040493992,1.504660208162e-09,482.3060012891,754.5039596845,55.12448883057,170.3760646916,0.0,0.0,0.0,0.0,0.0,0.0,0.0,2.657587173835e-08,6.237998662319e-08,-1.373700721106e-08,0
